date,fajr,sunrise,dhuhr,asr,maghrib,isha,hijri_day,hijri_month,hijri_year
2026-10-01,04:51,06:17,12:40,16:25,18:19,19:49,19,4,1448
2026-10-02,04:52,06:18,12:40,16:24,18:18,19:48,20,4,1448
2026-10-03,04:53,06:19,12:40,16:22,18:16,19:46,21,4,1448
2026-10-04,04:54,06:20,12:40,16:20,18:14,19:44,22,4,1448
2026-10-05,04:55,06:21,12:40,16:19,18:13,19:43,23,4,1448
2026-10-06,04:56,06:22,12:40,16:17,18:11,19:41,24,4,1448
2026-10-07,04:57,06:23,12:40,16:15,18:09,19:39,25,4,1448
2026-10-08,04:58,06:24,12:40,16:14,18:08,19:38,26,4,1448
2026-10-09,04:59,06:25,12:40,16:12,18:06,19:36,27,4,1448
2026-10-10,05:00,06:26,12:40,16:11,18:05,19:35,28,4,1448
2026-10-11,05:01,06:27,12:40,16:09,18:03,19:33,29,4,1448
2026-10-12,05:02,06:28,12:40,16:07,18:01,19:31,1,5,1448
2026-10-13,05:03,06:29,12:40,16:06,18:00,19:30,2,5,1448
2026-10-14,05:04,06:30,12:40,16:04,17:58,19:28,3,5,1448
2026-10-15,05:05,06:31,12:40,16:03,17:57,19:27,4,5,1448
2026-10-16,05:06,06:32,12:40,16:01,17:55,19:25,5,5,1448
2026-10-17,05:07,06:33,12:40,16:00,17:54,19:24,6,5,1448
2026-10-18,05:08,06:34,12:40,15:58,17:52,19:22,7,5,1448
2026-10-19,05:09,06:35,12:40,15:56,17:50,19:20,8,5,1448
2026-10-20,05:10,06:36,12:40,15:55,17:49,19:19,9,5,1448
2026-10-21,05:11,06:37,12:40,15:53,17:47,19:17,10,5,1448
2026-10-22,05:12,06:38,12:40,15:52,17:46,19:16,11,5,1448
2026-10-23,05:13,06:38,12:40,15:51,17:45,19:15,12,5,1448
2026-10-24,05:14,06:39,12:40,15:50,17:44,19:14,13,5,1448
2026-10-25,05:15,06:40,12:40,15:49,17:43,19:13,14,5,1448
2026-10-26,05:16,06:41,12:40,15:48,17:42,19:12,15,5,1448
2026-10-27,05:17,06:42,12:40,15:47,17:41,19:11,16,5,1448
2026-10-28,05:18,06:43,12:40,15:46,17:40,19:10,17,5,1448
2026-10-29,05:19,06:44,12:40,15:45,17:39,19:09,18,5,1448
2026-10-30,05:20,06:45,12:40,15:44,17:38,19:08,19,5,1448
2026-10-31,05:21,06:46,12:40,15:43,17:37,19:07,20,5,1448